"","provinsi","kota_kab","kecamatan","kode_pos","url","lat","lng"
"1","DKI Jakarta","Jakarta Pusat","Gambir",10130,"https://www.google.com/maps/place/Kecamatan+Gambir,+Kota+Jakarta+Pusat,+Daerah+Khusus+Ibukota+Jakarta/@-6.1714615,106.7999999,14z/data=!3m1!4b1!4m6!3m5!1s0x2e69f678ab500aa5:0x85ba75e3afd04a8!8m2!3d-6.1673595!4d106.8209277!16zL20vMDh5enRy","106.7999999","-6.1714615"
"2","DKI Jakarta","Jakarta Pusat","Gambir",10150,"https://www.google.com/maps/place/Kecamatan+Gambir,+Kota+Jakarta+Pusat,+Daerah+Khusus+Ibukota+Jakarta/@-6.1714615,106.7999999,14z/data=!3m1!4b1!4m6!3m5!1s0x2e69f678ab500aa5:0x85ba75e3afd04a8!8m2!3d-6.1673595!4d106.8209277!16zL20vMDh5enRy","106.7999999","-6.1714615"
"3","DKI Jakarta","Jakarta Pusat","Tanah Abang",10230,"https://www.google.com/maps/place/Kecamatan+Tanah+Abang,+Kota+Jakarta+Pusat,+Daerah+Khusus+Ibukota+Jakarta/@-6.2053745,106.7899549,14z/data=!3m1!4b1!4m6!3m5!1s0x2e69f6a5221aa551:0xb1f4d9d25da21eea!8m2!3d-6.2039723!4d106.8051365!16zL20vMDN2eGM2","106.7899549","-6.2053745"
"4","DKI Jakarta","Jakarta Pusat","Tanah Abang",10270,"https://www.google.com/maps/place/Kecamatan+Tanah+Abang,+Kota+Jakarta+Pusat,+Daerah+Khusus+Ibukota+Jakarta/@-6.2053745,106.7899549,14z/data=!3m1!4b1!4m6!3m5!1s0x2e69f6a5221aa551:0xb1f4d9d25da21eea!8m2!3d-6.2039723!4d106.8051365!16zL20vMDN2eGM2","106.7899549","-6.2053745"
"5","DKI Jakarta","Jakarta Pusat","Menteng",10310,"https://www.google.com/maps/place/Kec.+Menteng,+Kota+Jakarta+Pusat,+Daerah+Khusus+Ibukota+Jakarta/@-6.195126,106.8206474,14z/data=!3m1!4b1!4m6!3m5!1s0x2e69f43e35e53099:0x3e389ed39c2f9bb4!8m2!3d-6.1937297!4d106.8392111!16s%2Fg%2F11b_2pzysk","106.8206474","-6.195126"
"6","DKI Jakarta","Jakarta Pusat","Menteng",10330,"https://www.google.com/maps/place/Kec.+Menteng,+Kota+Jakarta+Pusat,+Daerah+Khusus+Ibukota+Jakarta/@-6.195126,106.8206474,14z/data=!3m1!4b1!4m6!3m5!1s0x2e69f43e35e53099:0x3e389ed39c2f9bb4!8m2!3d-6.1937297!4d106.8392111!16s%2Fg%2F11b_2pzysk","106.8206474","-6.195126"
"7","DKI Jakarta","Jakarta Pusat","Menteng",10350,"https://www.google.com/maps/place/Kec.+Menteng,+Kota+Jakarta+Pusat,+Daerah+Khusus+Ibukota+Jakarta/@-6.195126,106.8206474,14z/data=!3m1!4b1!4m6!3m5!1s0x2e69f43e35e53099:0x3e389ed39c2f9bb4!8m2!3d-6.1937297!4d106.8392111!16s%2Fg%2F11b_2pzysk","106.8206474","-6.195126"
"8","DKI Jakarta","Jakarta Pusat","Kemayoran",10610,"https://www.google.com/maps/place/Kec.+Kemayoran,+Kota+Jakarta+Pusat,+Daerah+Khusus+Ibukota+Jakarta/@-6.1627276,106.8417494,14z/data=!3m1!4b1!4m6!3m5!1s0x2e69f5a67f1668f7:0xcbffcecd3c26b8d1!8m2!3d-6.1594869!4d106.8541776!16s%2Fg%2F11b_2jk9pz","106.8417494","-6.1627276"
"9","DKI Jakarta","Jakarta Barat","Kebon Jeruk",11530,"https://www.google.com/maps/place/Kb.+Jeruk,+Kec.+Kb.+Jeruk,+Kota+Jakarta+Barat,+Daerah+Khusus+Ibukota+Jakarta/@-6.1944471,106.7526554,14z/data=!3m1!4b1!4m6!3m5!1s0x2e69f71e19666e25:0x36ba185a859e2155!8m2!3d-6.1959421!4d106.773595!16s%2Fg%2F1225dmvd","106.7526554","-6.1944471"
"10","DKI Jakarta","Jakarta Barat","Kembangan",11610,"https://www.google.com/maps/place/Kec.+Kembangan,+Kota+Jakarta+Barat,+Daerah+Khusus+Ibukota+Jakarta/@-6.1910541,106.7062853,13z/data=!3m1!4b1!4m6!3m5!1s0x2e69f76dd848d7a9:0x525d684aed1f9b1d!8m2!3d-6.1987086!4d106.741926!16zL20vMGdjMG1y","106.7062853","-6.1910541"
"11","DKI Jakarta","Jakarta Barat","Kembangan",11620,"https://www.google.com/maps/place/Kec.+Kembangan,+Kota+Jakarta+Barat,+Daerah+Khusus+Ibukota+Jakarta/@-6.1910541,106.7062853,13z/data=!3m1!4b1!4m6!3m5!1s0x2e69f76dd848d7a9:0x525d684aed1f9b1d!8m2!3d-6.1987086!4d106.741926!16zL20vMGdjMG1y","106.7062853","-6.1910541"
"12","DKI Jakarta","Jakarta Barat","Kembangan",11640,"https://www.google.com/maps/place/Kec.+Kembangan,+Kota+Jakarta+Barat,+Daerah+Khusus+Ibukota+Jakarta/@-6.1910541,106.7062853,13z/data=!3m1!4b1!4m6!3m5!1s0x2e69f76dd848d7a9:0x525d684aed1f9b1d!8m2!3d-6.1987086!4d106.741926!16zL20vMGdjMG1y","106.7062853","-6.1910541"
"13","DKI Jakarta","Jakarta Barat","Cengkareng",11740,"https://www.google.com/maps/place/Kecamatan+Cengkareng,+Kota+Jakarta+Barat,+Daerah+Khusus+Ibukota+Jakarta/@-6.154793,106.7029544,13z/data=!3m1!4b1!4m6!3m5!1s0x2e69f7edca42a809:0xf7721d9e6310e565!8m2!3d-6.1390604!4d106.7305335!16zL20vMGc5eDFk","106.7029544","-6.154793"
"14","DKI Jakarta","Jakarta Barat","Kalideres",11820,"https://www.google.com/maps/place/Kec.+Kalideres,+Kota+Jakarta+Barat,+Daerah+Khusus+Ibukota+Jakarta/@-6.1360601,106.6738798,13z/data=!3m1!4b1!4m6!3m5!1s0x2e6a02a65782c999:0xe29088fa56313d07!8m2!3d-6.1568457!4d106.7038324!16zL20vMGdjNF9t","106.6738798","-6.1360601"
"15","DKI Jakarta","Jakarta Barat","Kalideres",11830,"https://www.google.com/maps/place/Kec.+Kalideres,+Kota+Jakarta+Barat,+Daerah+Khusus+Ibukota+Jakarta/@-6.1360601,106.6738798,13z/data=!3m1!4b1!4m6!3m5!1s0x2e6a02a65782c999:0xe29088fa56313d07!8m2!3d-6.1568457!4d106.7038324!16zL20vMGdjNF9t","106.6738798","-6.1360601"
"16","DKI Jakarta","Jakarta Barat","Kalideres",11840,"https://www.google.com/maps/place/Kec.+Kalideres,+Kota+Jakarta+Barat,+Daerah+Khusus+Ibukota+Jakarta/@-6.1360601,106.6738798,13z/data=!3m1!4b1!4m6!3m5!1s0x2e6a02a65782c999:0xe29088fa56313d07!8m2!3d-6.1568457!4d106.7038324!16zL20vMGdjNF9t","106.6738798","-6.1360601"
"17","DKI Jakarta","Jakarta Selatan","Kebayoran Baru",12130,"https://www.google.com/maps/place/Kec.+Kby.+Baru,+Kota+Jakarta+Selatan,+Daerah+Khusus+Ibukota+Jakarta/@-6.243176,106.7838308,14z/data=!3m1!4b1!4m6!3m5!1s0x2e69f16949681833:0x7998194c21afe918!8m2!3d-6.2452337!4d106.7999471!16s%2Fg%2F11b_2q29c5","106.7838308","-6.243176"
"18","DKI Jakarta","Jakarta Selatan","Kebayoran Baru",12150,"https://www.google.com/maps/place/Kec.+Kby.+Baru,+Kota+Jakarta+Selatan,+Daerah+Khusus+Ibukota+Jakarta/@-6.243176,106.7838308,14z/data=!3m1!4b1!4m6!3m5!1s0x2e69f16949681833:0x7998194c21afe918!8m2!3d-6.2452337!4d106.7999471!16s%2Fg%2F11b_2q29c5","106.7838308","-6.243176"
"19","DKI Jakarta","Jakarta Selatan","Kebayoran Baru",12190,"https://www.google.com/maps/place/Kec.+Kby.+Baru,+Kota+Jakarta+Selatan,+Daerah+Khusus+Ibukota+Jakarta/@-6.243176,106.7838308,14z/data=!3m1!4b1!4m6!3m5!1s0x2e69f16949681833:0x7998194c21afe918!8m2!3d-6.2452337!4d106.7999471!16s%2Fg%2F11b_2q29c5","106.7838308","-6.243176"
"20","DKI Jakarta","Jakarta Selatan","Kebayoran Lama",12210,"https://www.google.com/maps/place/Kec.+Kby.+Lama,+Kota+Jakarta+Selatan,+Daerah+Khusus+Ibukota+Jakarta/@-6.2492345,106.7453618,13z/data=!3m1!4b1!4m6!3m5!1s0x2e69f11acd247cdd:0xc978786e08f01147!8m2!3d-6.2365997!4d106.7805858!16s%2Fg%2F11b_2q5p5n","106.7453618","-6.2492345"
"21","DKI Jakarta","Jakarta Selatan","Kebayoran Lama",12240,"https://www.google.com/maps/place/Kec.+Kby.+Lama,+Kota+Jakarta+Selatan,+Daerah+Khusus+Ibukota+Jakarta/@-6.2492345,106.7453618,13z/data=!3m1!4b1!4m6!3m5!1s0x2e69f11acd247cdd:0xc978786e08f01147!8m2!3d-6.2365997!4d106.7805858!16s%2Fg%2F11b_2q5p5n","106.7453618","-6.2492345"
"22","DKI Jakarta","Jakarta Selatan","Kebayoran Lama",12310,"https://www.google.com/maps/place/Kec.+Kby.+Lama,+Kota+Jakarta+Selatan,+Daerah+Khusus+Ibukota+Jakarta/@-6.2492345,106.7453618,13z/data=!3m1!4b1!4m6!3m5!1s0x2e69f11acd247cdd:0xc978786e08f01147!8m2!3d-6.2365997!4d106.7805858!16s%2Fg%2F11b_2q5p5n","106.7453618","-6.2492345"
"23","DKI Jakarta","Jakarta Selatan","Cilandak",12420,"https://www.google.com/maps/place/Kec.+Cilandak,+Kota+Jakarta+Selatan,+Daerah+Khusus+Ibukota+Jakarta/@-6.289716,106.7553323,13z/data=!3m1!4b1!4m6!3m5!1s0x2e69f1c333aa0d33:0x9f3028e18a6a02ea!8m2!3d-6.2771223!4d106.7975781!16zL20vMDJwNmxt","106.7553323","-6.289716"
"24","DKI Jakarta","Jakarta Selatan","Cilandak",12430,"https://www.google.com/maps/place/Kec.+Cilandak,+Kota+Jakarta+Selatan,+Daerah+Khusus+Ibukota+Jakarta/@-6.289716,106.7553323,13z/data=!3m1!4b1!4m6!3m5!1s0x2e69f1c333aa0d33:0x9f3028e18a6a02ea!8m2!3d-6.2771223!4d106.7975781!16zL20vMDJwNmxt","106.7553323","-6.289716"
"25","DKI Jakarta","Jakarta Selatan","Cilandak",12440,"https://www.google.com/maps/place/Kec.+Cilandak,+Kota+Jakarta+Selatan,+Daerah+Khusus+Ibukota+Jakarta/@-6.289716,106.7553323,13z/data=!3m1!4b1!4m6!3m5!1s0x2e69f1c333aa0d33:0x9f3028e18a6a02ea!8m2!3d-6.2771223!4d106.7975781!16zL20vMDJwNmxt","106.7553323","-6.289716"
"26","DKI Jakarta","Jakarta Selatan","Cilandak",12450,"https://www.google.com/maps/place/Kec.+Cilandak,+Kota+Jakarta+Selatan,+Daerah+Khusus+Ibukota+Jakarta/@-6.289716,106.7553323,13z/data=!3m1!4b1!4m6!3m5!1s0x2e69f1c333aa0d33:0x9f3028e18a6a02ea!8m2!3d-6.2771223!4d106.7975781!16zL20vMDJwNmxt","106.7553323","-6.289716"
"27","DKI Jakarta","Jakarta Selatan","Jagakarsa",12530,"https://www.google.com/maps/place/Kec.+Jagakarsa,+Kota+Jakarta+Selatan,+Daerah+Khusus+Ibukota+Jakarta/@-6.33033,106.7904438,13z/data=!3m1!4b1!4m6!3m5!1s0x2e69edd09765e7bb:0x7380be8b8ea8ad82!8m2!3d-6.3360601!4d106.8256645!16zL20vMGd6Z25s","106.7904438","-6.33033"
"28","DKI Jakarta","Jakarta Selatan","Jagakarsa",12630,"https://www.google.com/maps/place/Kec.+Jagakarsa,+Kota+Jakarta+Selatan,+Daerah+Khusus+Ibukota+Jakarta/@-6.33033,106.7904438,13z/data=!3m1!4b1!4m6!3m5!1s0x2e69edd09765e7bb:0x7380be8b8ea8ad82!8m2!3d-6.3360601!4d106.8256645!16zL20vMGd6Z25s","106.7904438","-6.33033"
"29","DKI Jakarta","Jakarta Selatan","Pancoran",12760,"https://www.google.com/maps/place/Kec.+Pancoran,+Kota+Jakarta+Selatan,+Daerah+Khusus+Ibukota+Jakarta/@-6.2579046,106.8261319,14z/data=!3m1!4b1!4m6!3m5!1s0x2e69f24ace20c2a5:0xb9c91fb4bf136bdc!8m2!3d-6.2554837!4d106.8429756!16zL20vMGc5ejlt","106.8261319","-6.2579046"
"30","DKI Jakarta","Jakarta Selatan","Pancoran",12780,"https://www.google.com/maps/place/Kec.+Pancoran,+Kota+Jakarta+Selatan,+Daerah+Khusus+Ibukota+Jakarta/@-6.2579046,106.8261319,14z/data=!3m1!4b1!4m6!3m5!1s0x2e69f24ace20c2a5:0xb9c91fb4bf136bdc!8m2!3d-6.2554837!4d106.8429756!16zL20vMGc5ejlt","106.8261319","-6.2579046"
"31","DKI Jakarta","Jakarta Selatan","Tebet",12810,"https://www.google.com/maps/place/Kec.+Tebet,+Kota+Jakarta+Selatan,+Daerah+Khusus+Ibukota+Jakarta/@-6.22548,106.8332544,14z/data=!3m1!4b1!4m6!3m5!1s0x2e69f38fc90a7101:0xd575e31c807295f9!8m2!3d-6.2251223!4d106.8549881!16zL20vMGgzeTFi","106.8332544","-6.22548"
"32","DKI Jakarta","Jakarta Selatan","Setia Budi",12940,"https://www.google.com/maps/place/Kecamatan+Setiabudi,+Kota+Jakarta+Selatan,+Daerah+Khusus+Ibukota+Jakarta/@-6.221734,106.8128793,14z/data=!3m1!4b1!4m6!3m5!1s0x2e69f3f74e212e19:0x943edbdbb1621876!8m2!3d-6.2136327!4d106.8264328!16s%2Fg%2F11b_2jmxs5","106.8128793","-6.221734"
"33","DKI Jakarta","Jakarta Selatan","Setia Budi",12950,"https://www.google.com/maps/place/Kecamatan+Setiabudi,+Kota+Jakarta+Selatan,+Daerah+Khusus+Ibukota+Jakarta/@-6.221734,106.8128793,14z/data=!3m1!4b1!4m6!3m5!1s0x2e69f3f74e212e19:0x943edbdbb1621876!8m2!3d-6.2136327!4d106.8264328!16s%2Fg%2F11b_2jmxs5","106.8128793","-6.221734"
"34","DKI Jakarta","Jakarta Timur","Duren Sawit",13440,"https://www.google.com/maps/place/Kec.+Duren+Sawit,+Kota+Jakarta+Timur,+Daerah+Khusus+Ibukota+Jakarta/@-6.233937,106.8853498,13z/data=!3m1!4b1!4m6!3m5!1s0x2e698cb62f8a90af:0x34c52b197e740df5!8m2!3d-6.2296013!4d106.9191317!16s%2Fg%2F1q5bkq37l","106.8853498","-6.233937"
"35","DKI Jakarta","Jakarta Timur","Duren Sawit",13460,"https://www.google.com/maps/place/Kec.+Duren+Sawit,+Kota+Jakarta+Timur,+Daerah+Khusus+Ibukota+Jakarta/@-6.233937,106.8853498,13z/data=!3m1!4b1!4m6!3m5!1s0x2e698cb62f8a90af:0x34c52b197e740df5!8m2!3d-6.2296013!4d106.9191317!16s%2Fg%2F1q5bkq37l","106.8853498","-6.233937"
"36","DKI Jakarta","Jakarta Timur","Ciracas",13720,"https://www.google.com/maps/place/Kec.+Ciracas,+Kota+Jakarta+Timur,+Daerah+Khusus+Ibukota+Jakarta/@-6.32884,106.8439553,13z/data=!3m1!4b1!4m6!3m5!1s0x2e69ed1a921e2c25:0xcf305c4260592445!8m2!3d-6.3087517!4d106.8749344!16zL20vMGdjNzc4","106.8439553","-6.32884"
"37","DKI Jakarta","Jakarta Timur","Ciracas",13740,"https://www.google.com/maps/place/Kec.+Ciracas,+Kota+Jakarta+Timur,+Daerah+Khusus+Ibukota+Jakarta/@-6.32884,106.8439553,13z/data=!3m1!4b1!4m6!3m5!1s0x2e69ed1a921e2c25:0xcf305c4260592445!8m2!3d-6.3087517!4d106.8749344!16zL20vMGdjNzc4","106.8439553","-6.32884"
"38","DKI Jakarta","Jakarta Timur","Cipayung",13820,"https://www.google.com/maps/place/Kec.+Cipayung,+Kota+Jakarta+Timur,+Daerah+Khusus+Ibukota+Jakarta/@-6.3274725,106.8680483,13z/data=!3m1!4b1!4m6!3m5!1s0x2e69ed2fd3e7960d:0x452fb53366a5728d!8m2!3d-6.3153539!4d106.8928693!16zL20vMGdjNzY3","106.8680483","-6.3274725"
"39","Banten","Tangerang","Batuceper",15122,"https://www.google.com/maps/place/Kec.+Batuceper,+Kota+Tangerang,+Banten/@-6.1646294,106.6523463,14z/data=!3m1!4b1!4m6!3m5!1s0x2e69f8f38cfcfcc3:0x42aae3a439705517!8m2!3d-6.1634139!4d106.6813268!16s%2Fm%2F047qjdr","106.6523463","-6.1646294"
"40","Banten","Tangerang","Benda",15124,"https://www.google.com/maps/place/Kec.+Benda,+Kota+Tangerang,+Banten/@-6.125816,106.6301649,13z/data=!3m1!4b1!4m6!3m5!1s0x2e6a0265fac51205:0x145c3e2f5c10353!8m2!3d-6.1381805!4d106.6721132!16s%2Fm%2F047lsgp","106.6301649","-6.125816"
"41","Banten","Tangerang","Pinang (Penang)",15145,"https://www.google.com/maps/place/Pinang,+Kec.+Pinang,+Kota+Tangerang,+Banten/@-6.2159936,106.6795462,15z/data=!3m1!4b1!4m6!3m5!1s0x2e69f98f5773045f:0x8ee791877aa69bc8!8m2!3d-6.2152637!4d106.6895581!16s%2Fg%2F122ysnrn","106.6795462","-6.2159936"
"42","Banten","Tangerang","Kosambi",15211,"https://www.google.com/maps/place/Kec.+Kosambi,+Kabupaten+Tangerang,+Banten/@-6.079036,106.6466083,13z/data=!3m1!4b1!4m6!3m5!1s0x2e6a030b525310d3:0xeb4342339df4c294!8m2!3d-6.0922646!4d106.7085236!16s%2Fm%2F0q3zj77","106.6466083","-6.079036"
"43","Banten","Tangerang Selatan","Serpong",15310,"https://www.google.com/maps/place/Kec.+Serpong,+Kota+Tangerang+Selatan,+Banten/@-6.313842,106.6476854,13z/data=!3m1!4b1!4m6!3m5!1s0x2e69e52f562fd5cf:0x3f7153c82ee045c7!8m2!3d-6.2994321!4d106.6678223!16s%2Fg%2F122hcv81","106.6476854","-6.313842"
"44","Banten","Tangerang Selatan","Setu",15315,"https://www.google.com/maps/place/Kec.+Setu,+Kota+Tangerang+Selatan,+Banten/@-6.342205,106.6479354,13z/data=!3m1!4b1!4m6!3m5!1s0x2e69e507262cc14d:0x1628b892a62c4b3b!8m2!3d-6.3447976!4d106.6661295!16s%2Fg%2F1238516n","106.6479354","-6.342205"
"45","Banten","Tangerang Selatan","Serpong",15322,"https://www.google.com/maps/place/Kec.+Serpong,+Kota+Tangerang+Selatan,+Banten/@-6.313842,106.6476854,13z/data=!3m1!4b1!4m6!3m5!1s0x2e69e52f562fd5cf:0x3f7153c82ee045c7!8m2!3d-6.2994321!4d106.6678223!16s%2Fg%2F122hcv81","106.6476854","-6.313842"
"46","Banten","Tangerang Selatan","Serpong Utara",15325,"https://www.google.com/maps/place/Kec.+Serpong+Utara,+Kota+Tangerang+Selatan,+Banten/@-6.2570865,106.6304393,13z/data=!3m1!4b1!4m6!3m5!1s0x2e69fbaf43a37d3d:0x102e3d069de9f00!8m2!3d-6.2397846!4d106.6571587!16s%2Fg%2F120sdkd0","106.6304393","-6.2570865"
"47","Banten","Tangerang","Pagedangan",15331,"https://www.google.com/maps/place/Kec.+Pagedangan,+Kabupaten+Tangerang,+Banten/@-6.2970921,106.5807544,13z/data=!3m1!4b1!4m6!3m5!1s0x2e69fcb040eb313f:0xfa5746ee07698ca0!8m2!3d-6.2989555!4d106.613862!16s%2Fm%2F0q40hg7","106.5807544","-6.2970921"
"48","Banten","Tangerang","Pagedangan",15339,"https://www.google.com/maps/place/Kec.+Pagedangan,+Kabupaten+Tangerang,+Banten/@-6.2970921,106.5807544,13z/data=!3m1!4b1!4m6!3m5!1s0x2e69fcb040eb313f:0xfa5746ee07698ca0!8m2!3d-6.2989555!4d106.613862!16s%2Fm%2F0q40hg7","106.5807544","-6.2970921"
"49","Banten","Tangerang","Cisauk",15345,"https://www.google.com/maps/place/Kec.+Cisauk,+Kabupaten+Tangerang,+Banten/@-6.3274365,106.5899588,13z/data=!3m1!4b1!4m6!3m5!1s0x2e69e360eb0b65df:0xd5ed106c9053b86d!8m2!3d-6.3408595!4d106.6369178!16s%2Fm%2F0q41hng","106.5899588","-6.3274365"
"50","Banten","Tangerang Selatan","Ciputat Timur",15412,"https://www.google.com/maps/place/Kec.+Ciputat+Tim.,+Kota+Tangerang+Selatan,+Banten/@-6.2977986,106.7173078,13z/data=!3m1!4b1!4m6!3m5!1s0x2e69f0213739f16b:0x277c1f93d2f2c596!8m2!3d-6.3057424!4d106.7574136!16s%2Fg%2F121d1gtz","106.7173078","-6.2977986"
"51","Banten","Tangerang Selatan","Pamulang",15417,"https://www.google.com/maps/place/Kec.+Pamulang,+Kota+Tangerang+Selatan,+Banten/@-6.3333596,106.7040723,13z/data=!3m1!4b1!4m6!3m5!1s0x2e69ef9a6f1af8f5:0xb6ca921381564bdc!8m2!3d-6.3442012!4d106.7362172!16s%2Fm%2F05c076p","106.7040723","-6.3333596"
"52","Banten","Tangerang","Sepatan",15520,"https://www.google.com/maps/place/Kec.+Sepatan,+Kabupaten+Tangerang,+Banten/@-6.1229985,106.5413238,13z/data=!3m1!4b1!4m6!3m5!1s0x2e6a01b87e75b86f:0x401576d14fed6e0!8m2!3d-6.1188248!4d106.5756671!16s%2Fm%2F05c3b3w","106.5413238","-6.1229985"
"53","Banten","Tangerang","Balaraja",15610,"https://www.google.com/maps/place/Kec.+Balaraja,+Kabupaten+Tangerang,+Banten/@-6.2000936,106.4018582,13z/data=!3m1!4b1!4m6!3m5!1s0x2e4203d9c7d37567:0xb5213d24b036bbc2!8m2!3d-6.1855533!4d106.4546757!16s%2Fm%2F05c34_s","106.4018582","-6.2000936"
"54","Banten","Tangerang","Cikupa",15710,"https://www.google.com/maps/place/Kec.+Cikupa,+Kabupaten+Tangerang,+Banten/@-6.2169537,106.443064,12z/data=!3m1!4b1!4m6!3m5!1s0x2e4200b78a02cf49:0xb0480a35473dc190!8m2!3d-6.2181325!4d106.4970097!16s%2Fg%2F11b_2kvlpy","106.443064","-6.2169537"
"55","Banten","Tangerang","Tigaraksa",15720,"https://www.google.com/maps/place/Kec.+Tigaraksa,+Kabupaten+Tangerang,+Banten/@-6.2596997,106.3989742,12z/data=!3m1!4b1!4m6!3m5!1s0x2e4206f20e931b2d:0xef390e4510eb920c!8m2!3d-6.263344!4d106.4668032!16s%2Fm%2F0q404xl","106.3989742","-6.2596997"
"56","Banten","Tangerang","Curug",15810,"https://www.google.com/maps/place/Kec.+Curug,+Kabupaten+Tangerang,+Banten/@-6.236728,106.5313553,13z/data=!3m1!4b1!4m6!3m5!1s0x2e69fdc4c362c7a3:0xec2202a66caa8975!8m2!3d-6.2540795!4d106.5609134!16s%2Fg%2F11b_00tdy1","106.5313553","-6.236728"
"57","Jawa Barat","Bogor","Bogor Barat - Kota",16112,"https://www.google.com/maps/place/Kec.+Bogor+Bar.,+Kota+Bogor,+Jawa+Barat/@-6.5765471,106.7307223,13z/data=!3m1!4b1!4m6!3m5!1s0x2e69c4f738972703:0x2c04739fc32b8e0e!8m2!3d-6.563991!4d106.7633625!16s%2Fg%2F122vl3m9","106.7307223","-6.5765471"
"58","Jawa Barat","Bogor","Bogor Barat - Kota",16113,"https://www.google.com/maps/place/Kec.+Bogor+Bar.,+Kota+Bogor,+Jawa+Barat/@-6.5765471,106.7307223,13z/data=!3m1!4b1!4m6!3m5!1s0x2e69c4f738972703:0x2c04739fc32b8e0e!8m2!3d-6.563991!4d106.7633625!16s%2Fg%2F122vl3m9","106.7307223","-6.5765471"
"59","Jawa Barat","Bogor","Bogor Selatan - Kota",16134,"https://www.google.com/maps/place/Kec.+Bogor+Sel.,+Kota+Bogor,+Jawa+Barat/@-6.642558,106.7748598,13z/data=!3m1!4b1!4m6!3m5!1s0x2e69cf4ec57c4277:0x166f95f4f65b3dd9!8m2!3d-6.6323703!4d106.8075977!16s%2Fg%2F11b_2mf3kg","106.7748598","-6.642558"
"60","Jawa Barat","Bogor","Bogor Timur - Kota",16141,"https://www.google.com/maps/place/Kec.+Bogor+Tim.,+Kota+Bogor,+Jawa+Barat/@-6.6252406,106.7904913,13z/data=!3m1!4b1!4m6!3m5!1s0x2e69c60248bf2c45:0xa2cb8f8e062d7b98!8m2!3d-6.6179444!4d106.820343!16s%2Fg%2F121v7l45","106.7904913","-6.6252406"
"61","Jawa Barat","Bogor","Bogor Timur - Kota",16146,"https://www.google.com/maps/place/Kec.+Bogor+Tim.,+Kota+Bogor,+Jawa+Barat/@-6.6252406,106.7904913,13z/data=!3m1!4b1!4m6!3m5!1s0x2e69c60248bf2c45:0xa2cb8f8e062d7b98!8m2!3d-6.6179444!4d106.820343!16s%2Fg%2F121v7l45","106.7904913","-6.6252406"
"62","Jawa Barat","Bogor","Bogor Utara - Kota",16158,"https://www.google.com/maps/place/Kec.+Bogor+Utara,+Kota+Bogor,+Jawa+Barat/@-6.571628,106.7836423,13z/data=!3m1!4b1!4m6!3m5!1s0x2e69c69defeca06d:0x3f39627dcce71e89!8m2!3d-6.5689517!4d106.8090297!16s%2Fg%2F121vrfx9","106.7836423","-6.571628"
"63","Jawa Barat","Bogor","Tanah Sereal",16164,"https://www.google.com/maps/place/Kec.+Tanah+Sereal,+Kota+Bogor,+Jawa+Barat/@-6.5469091,106.7518684,13z/data=!3m1!4b1!4m6!3m5!1s0x2e69c47618094eef:0xdf0898b3c3bf1812!8m2!3d-6.5701364!4d106.78768!16s%2Fg%2F1hm1qytjf","106.7518684","-6.5469091"
"64","Jawa Barat","Bogor","Parung",16330,"https://www.google.com/maps/place/Kec.+Parung,+Kabupaten+Bogor,+Jawa+Barat/@-6.4396235,106.6701402,13z/data=!3m1!4b1!4m6!3m5!1s0x2e69e7c69a3b1763:0x46c89ef87d5cd193!8m2!3d-6.4270804!4d106.7244846!16s%2Fg%2F1229l1tz","106.6701402","-6.4396235"
"65","Jawa Barat","Bogor","Gunung Sindur",16340,"https://www.google.com/maps/place/Kec.+Gn.+Sindur,+Kabupaten+Bogor,+Jawa+Barat/@-6.3871587,106.6172541,12z/data=!3m1!4b1!4m6!3m5!1s0x2e69e6783ada5ff7:0xc83b82512d2a484b!8m2!3d-6.3847506!4d106.6805261!16s%2Fg%2F120rrrt0","106.6172541","-6.3871587"
"66","Jawa Barat","Depok","Sukmajaya",16411,"https://www.google.com/maps/place/Kec.+Sukmajaya,+Kota+Depok,+Jawa+Barat/@-6.397639,106.8077598,13z/data=!3m1!4b1!4m6!3m5!1s0x2e69eb94dd3cde6b:0x136bba1bb1db0a01!8m2!3d-6.3908929!4d106.8519424!16s%2Fg%2F12276y4g","106.8077598","-6.397639"
"67","Jawa Barat","Depok","Beji",16423,"https://www.google.com/maps/place/Kecamatan+Beji,+Kota+Depok,+Jawa+Barat/@-6.37222,106.7830723,13z/data=!3m1!4b1!4m6!3m5!1s0x2e69ec029f6b544b:0xbe8a105b72cbd07c!8m2!3d-6.3685044!4d106.8081252!16s%2Fg%2F11b_2lkygv","106.7830723","-6.37222"
"68","Jawa Barat","Depok","Beji",16424,"https://www.google.com/maps/place/Kecamatan+Beji,+Kota+Depok,+Jawa+Barat/@-6.37222,106.7830723,13z/data=!3m1!4b1!4m6!3m5!1s0x2e69ec029f6b544b:0xbe8a105b72cbd07c!8m2!3d-6.3685044!4d106.8081252!16s%2Fg%2F11b_2lkygv","106.7830723","-6.37222"
"69","Jawa Barat","Depok","Tapos",16454,"https://www.google.com/maps/place/Kec.+Tapos,+Kota+Depok,+Jawa+Barat/@-6.4212344,106.8505193,13z/data=!3m1!4b1!4m6!3m5!1s0x2e69eae1b5058df9:0x54c5baa0ce9b3df5!8m2!3d-6.4022805!4d106.8850657!16s%2Fg%2F122nc4bw","106.8505193","-6.4212344"
"70","Jawa Barat","Depok","Tapos",16459,"https://www.google.com/maps/place/Kec.+Tapos,+Kota+Depok,+Jawa+Barat/@-6.4212344,106.8505193,13z/data=!3m1!4b1!4m6!3m5!1s0x2e69eae1b5058df9:0x54c5baa0ce9b3df5!8m2!3d-6.4022805!4d106.8850657!16s%2Fg%2F122nc4bw","106.8505193","-6.4212344"
"71","Jawa Barat","Depok","Cinere",16514,"https://www.google.com/maps/place/Kec.+Cinere,+Kota+Depok,+Jawa+Barat/@-6.3323581,106.7732733,14z/data=!3m1!4b1!4m6!3m5!1s0x2e69ee5ce6f2839f:0x443ad7342a684558!8m2!3d-6.3333023!4d106.7828744!16zL20vMDlmcXJ5","106.7732733","-6.3323581"
"72","Jawa Barat","Depok","Bojongsari",16516,"https://www.google.com/maps/place/Kec.+Bojongsari,+Kota+Depok,+Jawa+Barat/@-6.3994125,106.7007938,13z/data=!3m1!4b1!4m6!3m5!1s0x2e69e8bca8fd8281:0xd5f42557d713e00c!8m2!3d-6.4046258!4d106.7417263!16s%2Fg%2F1224tdkc","106.7007938","-6.3994125"
"73","Jawa Barat","Depok","Bojongsari",16517,"https://www.google.com/maps/place/Kec.+Bojongsari,+Kota+Depok,+Jawa+Barat/@-6.3994125,106.7007938,13z/data=!3m1!4b1!4m6!3m5!1s0x2e69e8bca8fd8281:0xd5f42557d713e00c!8m2!3d-6.4046258!4d106.7417263!16s%2Fg%2F1224tdkc","106.7007938","-6.3994125"
"74","Jawa Barat","Bogor","Sukaraja",16710,"https://www.google.com/maps/place/Sukaraja,+Kec.+Sukaraja,+Kabupaten+Bogor,+Jawa+Barat/@-6.5738552,106.7603642,12z/data=!3m1!4b1!4m6!3m5!1s0x2e6849339c12dc7b:0x401e8f1fc28dd70!8m2!3d-6.5261691!4d106.8002889!16s%2Fg%2F122z2fcx","106.7603642","-6.5738552"
"75","Jawa Barat","Bogor","Citeureup",16810,"https://www.google.com/maps/place/Kec.+Citeureup,+Kabupaten+Bogor,+Jawa+Barat/@-6.5208425,106.8610493,13z/data=!3m1!4b1!4m6!3m5!1s0x2e69c0963fe803bd:0xcfcdd5cce43c7f19!8m2!3d-6.4881955!4d106.8814798!16s%2Fg%2F122vl3ml","106.8610493","-6.5208425"
"76","Jawa Barat","Bogor","Cileungsi",16820,"https://www.google.com/maps/search/Cileungsi,Bogor,Jawa+Barat/@-6.3969756,106.9361641,12z/data=!3m1!4b1","106.9361641","-6.3969756"
"77","Jawa Barat","Bogor","Cibinong",16912,"https://www.google.com/maps/place/Cibinong,+Kec.+Cibinong,+Kabupaten+Bogor,+Jawa+Barat/@-6.482367,106.8016857,13z/data=!3m1!4b1!4m6!3m5!1s0x2e69c1e7cdd2e8d3:0x401576d14fed590!8m2!3d-6.4901067!4d106.8306951!16zL20vMGdjODM1","106.8016857","-6.482367"
"78","Jawa Barat","Bogor","Cibinong",16913,"https://www.google.com/maps/place/Cibinong,+Kec.+Cibinong,+Kabupaten+Bogor,+Jawa+Barat/@-6.482367,106.8016857,13z/data=!3m1!4b1!4m6!3m5!1s0x2e69c1e7cdd2e8d3:0x401576d14fed590!8m2!3d-6.4901067!4d106.8306951!16zL20vMGdjODM1","106.8016857","-6.482367"
"79","Jawa Barat","Bogor","Cibinong",16916,"https://www.google.com/maps/place/Cibinong,+Kec.+Cibinong,+Kabupaten+Bogor,+Jawa+Barat/@-6.482367,106.8016857,13z/data=!3m1!4b1!4m6!3m5!1s0x2e69c1e7cdd2e8d3:0x401576d14fed590!8m2!3d-6.4901067!4d106.8306951!16zL20vMGdjODM1","106.8016857","-6.482367"
"80","Jawa Barat","Bogor","Gunung Putri",16967,"https://www.google.com/maps/place/Kec.+Gn.+Putri,+Kabupaten+Bogor,+Jawa+Barat/@-6.3880742,106.8573507,12z/data=!3m1!4b1!4m6!3m5!1s0x2e6994bb2ed58ddd:0x84f82cc3c7e27ab4!8m2!3d-6.4459576!4d106.9124604!16s%2Fg%2F120qdqwl","106.8573507","-6.3880742"
"81","Jawa Barat","Bogor","Gunung Putri",16968,"https://www.google.com/maps/place/Kec.+Gn.+Putri,+Kabupaten+Bogor,+Jawa+Barat/@-6.3880742,106.8573507,12z/data=!3m1!4b1!4m6!3m5!1s0x2e6994bb2ed58ddd:0x84f82cc3c7e27ab4!8m2!3d-6.4459576!4d106.9124604!16s%2Fg%2F120qdqwl","106.8573507","-6.3880742"
"82","Jawa Barat","Bekasi","Jati Sampurna",17435,"https://www.google.com/maps/place/Kec.+Jatisampurna,+Kota+Bks,+Jawa+Barat/@-6.3638425,106.8900559,13z/data=!3m1!4b1!4m6!3m5!1s0x2e69934591400cb1:0xd135a9344ee49de8!8m2!3d-6.3756418!4d106.9164975!16s%2Fg%2F11b_2rp0rh","106.8900559","-6.3638425"
"83","Jawa Barat","Bandung","Sumur Bandung",40112,"https://www.google.com/maps/place/Kec.+Sumur+Bandung,+Kota+Bandung,+Jawa+Barat/@-6.9143781,107.5995533,14z/data=!3m1!4b1!4m6!3m5!1s0x2e68e633c7fd93eb:0xf3e3452e8ebf3b0f!8m2!3d-6.9160833!4d107.6089776!16s%2Fg%2F11b_2mxw0j","107.5995533","-6.9143781"
"84","Jawa Barat","Bandung","Bandung Wetan",40115,"https://www.google.com/maps/place/Kec.+Bandung+Wetan,+Kota+Bandung,+Jawa+Barat/@-6.9053761,107.6008184,14z/data=!3m1!4b1!4m6!3m5!1s0x2e68e64a59c456f1:0x6e80b2174eef38da!8m2!3d-6.9055905!4d107.6109559!16s%2Fg%2F121p719r","107.6008184","-6.9053761"
"85","Jawa Barat","Bandung","Sumur Bandung",40117,"https://www.google.com/maps/place/Kec.+Sumur+Bandung,+Kota+Bandung,+Jawa+Barat/@-6.9143781,107.5995533,14z/data=!3m1!4b1!4m6!3m5!1s0x2e68e633c7fd93eb:0xf3e3452e8ebf3b0f!8m2!3d-6.9160833!4d107.6089776!16s%2Fg%2F11b_2mxw0j","107.5995533","-6.9143781"
"86","Jawa Barat","Bandung","Cibeunying Kidul",40121,"https://www.google.com/maps/place/Kec.+Cibeunying+Kidul,+Kota+Bandung,+Jawa+Barat/@-6.8984945,107.6303673,14z/data=!3m1!4b1!4m6!3m5!1s0x2e68e79654be29b5:0xa26da71899a567f7!8m2!3d-6.90069!4d107.6458487!16s%2Fg%2F121_jn59","107.6303673","-6.8984945"
"87","Jawa Barat","Bandung","Cibeunying Kaler",40124,"https://www.google.com/maps/place/Kec.+Cibeunying+Kaler,+Kota+Bandung,+Jawa+Barat/@-6.8863671,107.6137794,14z/data=!3m1!4b1!4m6!3m5!1s0x2e68e7a8264e2807:0x1a50bcf4d8d4000!8m2!3d-6.8927351!4d107.6354505!16s%2Fg%2F11b_2pwkr7","107.6137794","-6.8863671"
"88","Jawa Barat","Bandung","Cibeunying Kidul",40125,"https://www.google.com/maps/place/Kec.+Cibeunying+Kidul,+Kota+Bandung,+Jawa+Barat/@-6.8984945,107.6303673,14z/data=!3m1!4b1!4m6!3m5!1s0x2e68e79654be29b5:0xa26da71899a567f7!8m2!3d-6.90069!4d107.6458487!16s%2Fg%2F121_jn59","107.6303673","-6.8984945"
"89","Jawa Barat","Bandung","Coblong",40131,"https://www.google.com/maps/place/Kecamatan+Coblong,+Kota+Bandung,+Jawa+Barat/@-6.8817235,107.5983924,14z/data=!3m1!4b1!4m6!3m5!1s0x2e68e6feaa38fd99:0x75cef01a9c683016!8m2!3d-6.8851992!4d107.6136456!16s%2Fg%2F1230_68f","107.5983924","-6.8817235"
"90","Jawa Barat","Bandung","Cidadap",40141,"https://www.google.com/maps/place/Kec.+Cidadap,+Kota+Bandung,+Jawa+Barat/@-6.8634821,107.593547,14z/data=!3m1!4b1!4m6!3m5!1s0x2e68e6dcde769ad9:0x864ab732b2b5dfe2!8m2!3d-6.8658706!4d107.6060182!16s%2Fg%2F11b_2k9jpk","107.593547","-6.8634821"
"91","Jawa Barat","Bandung","Sukajadi",40161,"https://www.google.com/maps/place/Kec.+Sukajadi,+Kota+Bandung,+Jawa+Barat/@-6.889233,107.5696359,14z/data=!3m1!4b1!4m6!3m5!1s0x2e68e662c0cb8881:0x487870020c4f8b2c!8m2!3d-6.8922842!4d107.5909487!16s%2Fg%2F11b_2mtn5y","107.5696359","-6.889233"
"92","Jawa Barat","Bandung","Sukajadi",40163,"https://www.google.com/maps/place/Kec.+Sukajadi,+Kota+Bandung,+Jawa+Barat/@-6.889233,107.5696359,14z/data=!3m1!4b1!4m6!3m5!1s0x2e68e662c0cb8881:0x487870020c4f8b2c!8m2!3d-6.8922842!4d107.5909487!16s%2Fg%2F11b_2mtn5y","107.5696359","-6.889233"
"93","Jawa Barat","Bandung","Cicendo",40171,"https://www.google.com/maps/place/Kec.+Cicendo,+Kota+Bandung,+Jawa+Barat/@-6.901193,107.5453943,13z/data=!3m1!4b1!4m6!3m5!1s0x2e68e6712beee153:0xab1f5ed8f4d53d8a!8m2!3d-6.9063897!4d107.5975738!16s%2Fg%2F11b_2lv_c6","107.5453943","-6.901193"
"94","Jawa Barat","Bandung","Cicendo",40172,"https://www.google.com/maps/place/Kec.+Cicendo,+Kota+Bandung,+Jawa+Barat/@-6.901193,107.5453943,13z/data=!3m1!4b1!4m6!3m5!1s0x2e68e6712beee153:0xab1f5ed8f4d53d8a!8m2!3d-6.9063897!4d107.5975738!16s%2Fg%2F11b_2lv_c6","107.5453943","-6.901193"
"95","Jawa Barat","Bandung","Cicendo",40173,"https://www.google.com/maps/place/Kec.+Cicendo,+Kota+Bandung,+Jawa+Barat/@-6.901193,107.5453943,13z/data=!3m1!4b1!4m6!3m5!1s0x2e68e6712beee153:0xab1f5ed8f4d53d8a!8m2!3d-6.9063897!4d107.5975738!16s%2Fg%2F11b_2lv_c6","107.5453943","-6.901193"
"96","Jawa Barat","Bandung","Andir",40181,"https://www.google.com/maps/place/Kec.+Andir,+Kota+Bandung,+Jawa+Barat/@-6.9060374,107.5647247,14z/data=!3m1!4b1!4m6!3m5!1s0x2e68e673a7f82667:0x8c35df95041160d8!8m2!3d-6.9136276!4d107.5776047!16s%2Fg%2F11b_2p0yl7","107.5647247","-6.9060374"
"97","Jawa Barat","Bandung","Margaasih",40218,"https://www.google.com/maps/place/Margaasih,+Kec.+Margaasih,+Kabupaten+Bandung,+Jawa+Barat/@-6.9495495,107.5138201,13z/data=!3m1!4b1!4m6!3m5!1s0x2e68ef4115d2c0bf:0x401e8f1fc28c5b0!8m2!3d-6.9579751!4d107.5611608!16s%2Fg%2F122dm0vk","107.5138201","-6.9495495"
"98","Jawa Barat","Bandung","Babakan Ciparay",40222,"https://www.google.com/maps/search/Babakan+Ciparay,Bandung,Jawa+Barat/@-7.022062,107.5619287,12z/data=!3m1!4b1","107.5619287","-7.022062"
"99","Jawa Barat","Bandung","Babakan Ciparay",40225,"https://www.google.com/maps/search/Babakan+Ciparay,Bandung,Jawa+Barat/@-7.022062,107.5619287,12z/data=!3m1!4b1","107.5619287","-7.022062"
"100","Jawa Barat","Bandung","Bojongloa Kaler",40233,"https://www.google.com/maps/place/Kec.+Bojongloa+Kaler,+Kota+Bandung,+Jawa+Barat/@-6.9327907,107.5811932,15z/data=!3m1!4b1!4m6!3m5!1s0x2e68e8a6ecd1f7bd:0xa7e6a43d6908fbfb!8m2!3d-6.9259906!4d107.5912622!16s%2Fg%2F1238y391","107.5811932","-6.9327907"
"101","Jawa Barat","Bandung","Bojongloa Kidul",40236,"https://www.google.com/maps/place/Kec.+Bojongloa+Kidul,+Kota+Bandung,+Jawa+Barat/@-6.9469236,107.5812784,14z/data=!3m1!4b1!4m6!3m5!1s0x2e68e89576d5ea1d:0x16d4d1f386c38df1!8m2!3d-6.9521836!4d107.5934256!16s%2Fg%2F120ktb37","107.5812784","-6.9469236"
"102","Jawa Barat","Bandung","Regol",40251,"https://www.google.com/maps/place/Kec.+Regol,+Kota+Bandung,+Jawa+Barat/@-6.9390596,107.5952159,14z/data=!3m1!4b1!4m6!3m5!1s0x2e68e88f77ec2307:0xdd83043bd53e6921!8m2!3d-6.9375914!4d107.6091286!16s%2Fg%2F11b_2p0yfc","107.5952159","-6.9390596"
"103","Jawa Barat","Bandung","Lengkong",40262,"https://www.google.com/maps/place/Kec.+Lengkong,+Kota+Bandung,+Jawa+Barat/@-6.9341296,107.6051573,14z/data=!3m1!4b1!4m6!3m5!1s0x2e68e87d94ac86f1:0x659cb3a5321dd70b!8m2!3d-6.9309616!4d107.6224602!16s%2Fg%2F12215rgb","107.6051573","-6.9341296"
"104","Jawa Barat","Bandung","Bandung Kidul",40266,"https://www.google.com/maps/place/Kec.+Bandung+Kidul,+Kota+Bandung,+Jawa+Barat/@-6.9558886,107.6120718,14z/data=!3m1!4b1!4m6!3m5!1s0x2e68e85a4d74a5a7:0x3041fb642bd9c643!8m2!3d-6.9526296!4d107.6380345!16s%2Fg%2F11b_2r7j65","107.6120718","-6.9558886"
"105","Jawa Barat","Bandung","Batununggal",40272,"https://www.google.com/maps/place/Kec.+Batununggal,+Kota+Bandung,+Jawa+Barat/@-6.9278891,107.6169039,14z/data=!3m1!4b1!4m6!3m5!1s0x2e68e877ef58da05:0xa226f903cb5a83c1!8m2!3d-6.9317606!4d107.6431247!16s%2Fg%2F121vxmt8","107.6169039","-6.9278891"
"106","Jawa Barat","Bandung","Batununggal",40273,"https://www.google.com/maps/place/Kec.+Batununggal,+Kota+Bandung,+Jawa+Barat/@-6.9278891,107.6169039,14z/data=!3m1!4b1!4m6!3m5!1s0x2e68e877ef58da05:0xa226f903cb5a83c1!8m2!3d-6.9317606!4d107.6431247!16s%2Fg%2F121vxmt8","107.6169039","-6.9278891"
"107","Jawa Barat","Bandung","Batununggal",40274,"https://www.google.com/maps/place/Kec.+Batununggal,+Kota+Bandung,+Jawa+Barat/@-6.9278891,107.6169039,14z/data=!3m1!4b1!4m6!3m5!1s0x2e68e877ef58da05:0xa226f903cb5a83c1!8m2!3d-6.9317606!4d107.6431247!16s%2Fg%2F121vxmt8","107.6169039","-6.9278891"
"108","Jawa Barat","Bandung","Kiaracondong",40282,"https://www.google.com/maps/place/Kec.+Kiaracondong,+Kota+Bandung,+Jawa+Barat/@-6.9237151,107.6341158,14z/data=!3m1!4b1!4m6!3m5!1s0x2e68e7e3d3da54e1:0x4a43b243e7b45638!8m2!3d-6.9221438!4d107.6490717!16s%2Fg%2F11bz__s52v","107.6341158","-6.9237151"
"109","Jawa Barat","Bandung","Buahbatu (Margacinta)",40286,"https://www.google.com/maps/search/Buahbatu+(Margacinta),Bandung,Jawa+Barat/@-6.9480181,107.6384659,14z/data=!3m1!4b1","107.6384659","-6.9480181"
"110","Jawa Barat","Bandung","Antapani (Cicadas)",40291,"https://www.google.com/maps/place/Kec.+Antapani,+Kota+Bandung,+Jawa+Barat/@-6.9177936,107.642964,14z/data=!3m1!4b1!4m6!3m5!1s0x2e68e7fa5a41c0bf:0x92717a360474c3c6!8m2!3d-6.9135245!4d107.6594029!16s%2Fg%2F11c1_gfwym","107.642964","-6.9177936"
"111","Jawa Barat","Bandung","Arcamanik",40293,"https://www.google.com/maps/place/Kec.+Arcamanik,+Kota+Bandung,+Jawa+Barat/@-6.9213636,107.6613709,14z/data=!3m1!4b1!4m6!3m5!1s0x2e68dd523eaaba35:0x6fc82c827367582e!8m2!3d-6.9291188!4d107.6764994!16s%2Fg%2F11b_2ps77z","107.6613709","-6.9213636"
"112","Jawa Barat","Bandung","Cinambo",40294,"https://www.google.com/maps/place/Kec.+Cinambo,+Kota+Bandung,+Jawa+Barat/@-6.9283525,107.6752973,14z/data=!3m1!4b1!4m6!3m5!1s0x2e68c2ca771a9241:0x537e088f524a2713!8m2!3d-6.9371022!4d107.6925593!16s%2Fg%2F121k36qz","107.6752973","-6.9283525"
"113","Jawa Barat","Cimahi","Cimahi Utara",40513,"https://www.google.com/maps/place/Kec.+Cimahi+Utara,+Kota+Cimahi,+Jawa+Barat/@-6.8611565,107.5146734,13z/data=!3m1!4b1!4m6!3m5!1s0x2e68e46cd9eaf159:0x946c69727b1c91d2!8m2!3d-6.8633153!4d107.5564326!16s%2Fg%2F122bfs2l","107.5146734","-6.8611565"
"114","Jawa Barat","Cimahi","Cimahi Selatan",40533,"https://www.google.com/maps/place/Kec.+Cimahi+Sel.,+Kota+Cimahi,+Jawa+Barat/@-6.9066726,107.5045999,13z/data=!3m1!4b1!4m6!3m5!1s0x2e68e5bcc42c65a1:0x605801389270c6e9!8m2!3d-6.9028978!4d107.5355619!16s%2Fg%2F11b8_rmkyz","107.5045999","-6.9066726"
"115","Jawa Barat","Bandung Barat","Padalarang",40553,"https://www.google.com/maps/place/Kec.+Padalarang,+Kabupaten+Bandung+Barat,+Jawa+Barat/@-6.8396811,107.4446753,13z/data=!3m1!4b1!4m6!3m5!1s0x2e68e34d4d77b95d:0xc3950bf4112fceec!8m2!3d-6.8514252!4d107.4765765!16s%2Fg%2F12111m2q","107.4446753","-6.8396811"
"116","Jawa Barat","Bandung","Cileunyi",40623,"https://www.google.com/maps/place/Kec.+Cileunyi,+Kabupaten+Bandung,+Jawa+Barat/@-6.9253931,107.6988178,13z/data=!3m1!4b1!4m6!3m5!1s0x2e68c3337d20dcf5:0x56b537406844e9c9!8m2!3d-6.9396996!4d107.7393148!16s%2Fg%2F121fwggw","107.6988178","-6.9253931"
"117","Banten","Serang","Serang",42114,"https://www.google.com/maps/search/Serang,Serang,Banten/@-6.1103919,106.1312253,13z/data=!3m1!4b1","106.1312253","-6.1103919"
"118","Banten","Serang","Serang",42116,"https://www.google.com/maps/search/Serang,Serang,Banten/@-6.1103919,106.1312253,13z/data=!3m1!4b1","106.1312253","-6.1103919"
"119","Banten","Serang","Cipocok Jaya",42121,"https://www.google.com/maps/place/Kec.+Cipocok+Jaya,+Kota+Serang,+Banten/@-6.1379948,106.0950942,12z/data=!3m1!4b1!4m6!3m5!1s0x2e41f5499eb182a5:0x78ee239fa16ccef4!8m2!3d-6.1378319!4d106.171779!16s%2Fg%2F120sd64v","106.0950942","-6.1379948"
"120","Banten","Serang","Taktakan",42162,"https://www.google.com/maps/place/Kec.+Taktakan,+Kota+Serang,+Banten/@-6.1284205,106.0720353,13z/data=!3m1!4b1!4m6!3m5!1s0x2e418a59c6c7d727:0x2cc90469a0794c4d!8m2!3d-6.1097717!4d106.1260709!16s%2Fg%2F11b_2r7j47","106.0720353","-6.1284205"
"121","Banten","Serang","Lebak Wangi",42182,"https://www.google.com/maps/place/Lebakwangi,+Kec.+Pontang,+Kabupaten+Serang,+Banten/@-6.0796079,106.2603103,14z/data=!3m1!4b1!4m6!3m5!1s0x2e41f6c8448dff69:0x403d409cb15a0cad!8m2!3d-6.0787269!4d106.2786937!16s%2Fg%2F12lnh4ytn","106.2603103","-6.0796079"
"122","Banten","Pandeglang","Cadasari",42251,"https://www.google.com/maps/place/Kec.+Cadasari,+Kabupaten+Pandeglang,+Banten/@-6.2548032,106.0365941,12z/data=!3m1!4b1!4m6!3m5!1s0x2e4223cc0d4ac18d:0x68fdb6aac5edd2b9!8m2!3d-6.2681659!4d106.120706!16s%2Fg%2F120vt33_","106.0365941","-6.2548032"
"123","Banten","Lebak","Warunggunung",42352,"https://www.google.com/maps/place/Kec.+Warunggunung,+Kabupaten+Lebak,+Banten/@-6.3266055,106.1376033,13z/data=!3m1!4b1!4m6!3m5!1s0x2e4217f0e0584e61:0xe24c5de7d99a2d96!8m2!3d-6.3419741!4d106.1729452!16s%2Fg%2F1237d8ml","106.1376033","-6.3266055"
"124","Banten","Cilegon","Cibeber",42422,"https://www.google.com/maps/place/Kec.+Cibeber,+Kota+Cilegon,+Banten/@-6.0416535,106.0222373,13z/data=!3m1!4b1!4m6!3m5!1s0x2e418e86a67a542b:0xcfc84563aa09060b!8m2!3d-6.0431101!4d106.0579755!16s%2Fg%2F1225dmtp","106.0222373","-6.0416535"
"125","Banten","Cilegon","Purwakarta",42431,"https://www.google.com/maps/place/Kec.+Purwakarta,+Kota+Cilegon,+Banten/@-5.979983,106.0081803,13z/data=!3m1!4b1!4m6!3m5!1s0x2e4191ea344f6471:0x29eb66c9d9338da0!8m2!3d-6.0083598!4d106.0409141!16s%2Fg%2F1231ggj9","106.0081803","-5.979983"
"126","Jawa Barat","Sukabumi","Baros",43161,"https://www.google.com/maps/place/Kec.+Baros,+Kabupaten+Sukabumi,+Jawa+Barat/@-6.9568161,106.9175268,14z/data=!3m1!4b1!4m6!3m5!1s0x2e6847e090bfdd49:0xd7bc0944841f3e0e!8m2!3d-6.9648229!4d106.9394212!16s%2Fg%2F11b_2lv_4n","106.9175268","-6.9568161"
"127","Jawa Barat","Sukabumi","Sukaraja",43192,"https://www.google.com/maps/place/Kec.+Sukaraja,+Kabupaten+Sukabumi,+Jawa+Barat/@-6.872001,106.9051317,12z/data=!3m1!4b1!4m6!3m5!1s0x2e684963b3d3c5bb:0x76b9272f72ad0c37!8m2!3d-6.9173904!4d106.9734822!16s%2Fg%2F122b4clr","106.9051317","-6.872001"
"128","Jawa Barat","Cianjur","Warungkondang",43261,"https://www.google.com/maps/place/Kec.+Warungkondang,+Kabupaten+Cianjur,+Jawa+Barat/@-6.8565765,106.9849417,12z/data=!3m1!4b1!4m6!3m5!1s0x2e684dd2bb4eaa6d:0xa6d1c57b45db2f10!8m2!3d-6.8707501!4d107.0971226!16s%2Fg%2F121bwb9z","106.9849417","-6.8565765"
"129","Jawa Barat","Cianjur","Karangtengah",43281,"https://www.google.com/maps/place/Kec.+Karangtengah,+Kabupaten+Cianjur,+Jawa+Barat/@-6.803916,107.1293591,12z/data=!3m1!4b1!4m6!3m5!1s0x2e68549e84b27903:0x9a64b83eb20747e8!8m2!3d-6.8036826!4d107.1692853!16s%2Fg%2F11b_2jk9wx","107.1293591","-6.803916"
"130","Jawa Barat","Sumedang","Cisitu",45363,"https://www.google.com/maps/place/Kec.+Cisitu,+Kabupaten+Sumedang,+Jawa+Barat/@-6.8803445,107.9712227,12z/data=!3m1!4b1!4m6!3m5!1s0x2e68d2d1e35cdd15:0x1ef379dd620a0bbe!8m2!3d-6.8628466!4d108.0344454!16s%2Fg%2F120lwtm8","107.9712227","-6.8803445"
"131","Jawa Barat","Majalengka","Sindangwangi",45474,"https://www.google.com/maps/place/Kec.+Sindangwangi,+Kabupaten+Majalengka,+Jawa+Barat/@-6.823492,108.3065007,12z/data=!3m1!4b1!4m6!3m5!1s0x2e6f23d3afb35ac9:0xcaa0f05375fa58df!8m2!3d-6.8026796!4d108.4016318!16s%2Fg%2F121pkr7n","108.3065007","-6.823492"
"132","Jawa Tengah","Semarang","Gayamsari",50164,"https://www.google.com/maps/place/Kec.+Gayamsari,+Kota+Semarang,+Jawa+Tengah/@-6.97757,110.4111893,13z/data=!3m1!4b1!4m6!3m5!1s0x2e708cb445a1617f:0xa84412c66420c8d9!8m2!3d-6.9859374!4d110.4480999!16s%2Fg%2F122h6nlx","110.4111893","-6.97757"
"133","Jawa Tengah","Semarang","Tuntang",50219,"https://www.google.com/maps/place/Kec.+Tuntang,+Kabupaten+Semarang,+Jawa+Tengah/@-7.2762903,110.4103012,12z/data=!3m1!4b1!4m6!3m5!1s0x2e7082f364383447:0x588731e9bd145c68!8m2!3d-7.283131!4d110.461313!16s%2Fg%2F12qbgsh3y","110.4103012","-7.2762903"
"134","Jawa Tengah","Semarang","Tengaran",50775,"https://www.google.com/maps/place/Kec.+Tengaran,+Kabupaten+Semarang,+Jawa+Tengah/@-7.3969468,110.4640272,12z/data=!3m1!4b1!4m6!3m5!1s0x2e7a70a2c9d2ca9f:0x4027a76e3530700!8m2!3d-7.4063721!4d110.5153427!16s%2Fg%2F122v3sq2","110.4640272","-7.3969468"
"135","Jawa Tengah","Pekalongan","Pekalongan Barat",51111,"https://www.google.com/maps/place/Kec.+Pekalongan+Bar.,+Kota+Pekalongan,+Jawa+Tengah/@-6.894784,109.6430594,14z/data=!3m1!4b1!4m6!3m5!1s0x2e70268304a6db11:0x221c14a51d192539!8m2!3d-6.9029492!4d109.6642943!16s%2Fg%2F11b_2pzypk","109.6430594","-6.894784"
"136","Jawa Tengah","Pekalongan","Tirto",51151,"https://www.google.com/maps/place/Kec.+Tirto,+Kabupaten+Pekalongan,+Jawa+Tengah/@-6.8948785,109.6042008,13z/data=!3m1!4b1!4m6!3m5!1s0x2e7026f339b44f6b:0x4027a76e352f670!8m2!3d-6.9173945!4d109.6309057!16s%2Fg%2F121p647q","109.6042008","-6.8948785"
"137","Jawa Tengah","Kendal","Weleri",51355,"https://www.google.com/maps/place/Kec.+Weleri,+Kabupaten+Kendal,+Jawa+Tengah/@-6.9871214,110.0349153,13z/data=!3m1!4b1!4m6!3m5!1s0x2e704274b6f9cdc7:0x4027a76e3530680!8m2!3d-6.9725167!4d110.0701134!16s%2Fg%2F11b_2kdbq6","110.0349153","-6.9871214"
"138","Jawa Tengah","Tegal","Tegal Barat",52111,"https://www.google.com/maps/place/Kec.+Tegal+Bar.,+Kota+Tegal,+Jawa+Tengah/@-6.8617234,109.0770973,13z/data=!3m1!4b1!4m6!3m5!1s0x2e6fb75c6815a0db:0xd72dde738417ee30!8m2!3d-6.8628036!4d109.1302696!16s%2Fg%2F122whf6s","109.0770973","-6.8617234"
"139","Jawa Tengah","Tegal","Tegal Barat",52112,"https://www.google.com/maps/place/Kec.+Tegal+Bar.,+Kota+Tegal,+Jawa+Tengah/@-6.8617234,109.0770973,13z/data=!3m1!4b1!4m6!3m5!1s0x2e6fb75c6815a0db:0xd72dde738417ee30!8m2!3d-6.8628036!4d109.1302696!16s%2Fg%2F122whf6s","109.0770973","-6.8617234"
"140","Jawa Tengah","Tegal","Tegal Timur",52122,"https://www.google.com/maps/place/Kec.+Tegal+Tim.,+Kota+Tegal,+Jawa+Tengah/@-6.8657535,109.1293469,14z/data=!3m1!4b1!4m6!3m5!1s0x2e6fb787369ad0ed:0xcbcd27ec712e58d3!8m2!3d-6.8631972!4d109.1370176!16s%2Fg%2F11b_2l39fx","109.1293469","-6.8657535"
"141","Jawa Tengah","Banyumas","Sokaraja",53181,"https://www.google.com/maps/place/Kec.+Sokaraja,+Kabupaten+Banyumas,+Jawa+Tengah/@-7.4513246,109.2571343,13z/data=!3m1!4b1!4m6!3m5!1s0x2e655bf22322c541:0x4027a76e352e430!8m2!3d-7.4575811!4d109.2873!16s%2Fg%2F11b_2r0qw5","109.2571343","-7.4513246"
"142","Jawa Tengah","Cilacap","Maos",53272,"https://www.google.com/maps/place/Kec.+Maos,+Kabupaten+Cilacap,+Jawa+Tengah/@-7.6008724,109.1231353,13z/data=!3m1!4b1!4m6!3m5!1s0x2e656989652e78bb:0x4027a76e3530990!8m2!3d-7.6066355!4d109.1455477!16s%2Fg%2F121c9zzb","109.1231353","-7.6008724"
"143","Jawa Tengah","Kebumen","Kebumen",54313,"https://www.google.com/maps/place/Kebumen,+Kec.+Kebumen,+Kabupaten+Kebumen,+Jawa+Tengah/@-7.6783688,109.6446082,13z/data=!3m1!4b1!4m6!3m5!1s0x2e7aca065e524833:0x77e99e723f3baa9b!8m2!3d-7.6709292!4d109.6608012!16s%2Fg%2F11bxf_k257","109.6446082","-7.6783688"
"144","DI Yogyakarta","Yogyakarta","Kotagede",55171,"https://www.google.com/maps/place/Kec.+Kotagede,+Kota+Yogyakarta,+Daerah+Istimewa+Yogyakarta/@-7.8177991,110.3801339,14z/data=!3m1!4b1!4m6!3m5!1s0x2e7a57148c5e4d03:0x4027a76e35300b0!8m2!3d-7.8205288!4d110.4009845!16zL20vMDlieXhi","110.3801339","-7.8177991"
"145","DI Yogyakarta","Bantul","Sewon",55188,"https://www.google.com/maps/place/Kec.+Sewon,+Kabupaten+Bantul,+Daerah+Istimewa+Yogyakarta/@-7.855859,110.3170368,13z/data=!3m1!4b1!4m6!3m5!1s0x2e7a563faa080339:0xdf56b361fa9e1b31!8m2!3d-7.8355945!4d110.3656196!16s%2Fg%2F121p7nxw","110.3170368","-7.855859"
"146","DI Yogyakarta","Sleman","Gamping",55291,"https://www.google.com/maps/place/Kec.+Gamping,+Kabupaten+Sleman,+Daerah+Istimewa+Yogyakarta/@-7.7847975,110.2835474,13z/data=!3m1!4b1!4m6!3m5!1s0x2e7af7ef41fa89eb:0x4027a76e352feb0!8m2!3d-7.7970947!4d110.3250246!16s%2Fg%2F11b_2r0r7c","110.2835474","-7.7847975"
"147","Jawa Tengah","Magelang","Mertoyudan",56172,"https://www.google.com/maps/place/Kec.+Mertoyudan,+Kabupaten+Magelang,+Jawa+Tengah/@-7.5447286,110.1757804,13z/data=!3m1!4b1!4m6!3m5!1s0x2e7a8e97c581b8e3:0xef945166c8699ac!8m2!3d-7.5127612!4d110.2254151!16s%2Fg%2F1hb_g8d_r","110.1757804","-7.5447286"
"148","Jawa Tengah","Wonosobo","Wonosobo",56314,"https://www.google.com/maps/place/Kec.+Wonosobo,+Kabupaten+Wonosobo,+Jawa+Tengah/@-7.3585055,109.8941883,13z/data=!3m1!4b1!4m6!3m5!1s0x2e7aa036f482e5d3:0x2787fbbcbe98238f!8m2!3d-7.3641672!4d109.9019417!16s%2Fg%2F122jqkyr","109.8941883","-7.3585055"
"149","Jawa Tengah","Surakarta (Solo)","Banjarsari",57136,"https://www.google.com/maps/place/Kec.+Banjarsari,+Kota+Surakarta,+Jawa+Tengah/@-7.5471906,110.8000438,14z/data=!3m1!4b1!4m6!3m5!1s0x2e7a16a26fa38ecd:0x4027a76e3530340!8m2!3d-7.5406889!4d110.8205514!16s%2Fg%2F1231g4h7","110.8000438","-7.5471906"
"150","Jawa Tengah","Sukoharjo","Kartasura",57165,"https://www.google.com/maps/place/Kec.+Kartasura,+Kabupaten+Sukoharjo,+Jawa+Tengah/@-7.5592401,110.7128293,13z/data=!3m1!4b1!4m6!3m5!1s0x2e7a14c015353887:0x9aae629b34e85880!8m2!3d-7.5550933!4d110.7417839!16s%2Fm%2F027q79_","110.7128293","-7.5592401"
"151","Jawa Tengah","Karanganyar","Colomadu",57177,"https://www.google.com/maps/place/Kec.+Colomadu,+Kabupaten+Karanganyar,+Jawa+Tengah/@-7.5364067,110.6845811,12z/data=!3m1!4b1!4m6!3m5!1s0x2e7a147db9de827b:0x4027a76e3530190!8m2!3d-7.5322435!4d110.7473305!16s%2Fg%2F11bz__mfzg","110.6845811","-7.5364067"
"152","Jawa Tengah","Klaten","Trucuk",57467,"https://www.google.com/maps/place/Kec.+Trucuk,+Kabupaten+Klaten,+Jawa+Tengah/@-7.7242565,110.6338153,13z/data=!3m1!4b1!4m6!3m5!1s0x2e7a471ec12e931b:0x4027a76e352ecf0!8m2!3d-7.7215467!4d110.6671131!16s%2Fg%2F11b_2k19_z","110.6338153","-7.7242565"
"153","Jawa Tengah","Wonogiri","Selogiri",57652,"https://www.google.com/maps/place/Kec.+Selogiri,+Kabupaten+Wonogiri,+Jawa+Tengah/@-7.7916321,110.8500258,13z/data=!3m1!4b1!4m6!3m5!1s0x2e7a303e7583b339:0x4027a76e352ff80!8m2!3d-7.7938545!4d110.8994703!16s%2Fg%2F11b_00fk4t","110.8500258","-7.7916321"
"154","Jawa Tengah","Grobogan","Grobogan",58152,"https://www.google.com/maps/place/Kec.+Grobogan,+Kabupaten+Grobogan,+Jawa+Tengah/@-7.0228634,110.8928043,12z/data=!3m1!4b1!4m6!3m5!1s0x2e70b6d741866fcb:0x4027a76e352efc0!8m2!3d-7.0267669!4d110.9210642!16s%2Fg%2F11b_2jzmzp","110.8928043","-7.0228634"
"155","Jawa Tengah","Pati","Pati",59119,"https://www.google.com/maps/search/Pati,Pati,Jawa+Tengah/@-6.747277,111.0278533,13z/data=!3m1!4b1","111.0278533","-6.747277"
"156","Jawa Tengah","Kudus","Kudus Kota",59319,"https://www.google.com/maps/place/Kudus,+Kec.+Kota+Kudus,+Kabupaten+Kudus,+Jawa+Tengah/@-6.8009597,110.8229023,14z/data=!3m1!4b1!4m6!3m5!1s0x2e70c4c8f6545eef:0xc5a6d1591a7539b3!8m2!3d-6.8072603!4d110.8413706!16s%2Fg%2F1q6jyh319","110.8229023","-6.8009597"
"157","Jawa Tengah","Kudus","Jati",59344,"https://www.google.com/maps/place/Kec.+Jati,+Kabupaten+Kudus,+Jawa+Tengah/@-6.830169,110.7723107,12z/data=!3m1!4b1!4m6!3m5!1s0x2e70c4f74eb7f045:0x4027a76e352f340!8m2!3d-6.8191629!4d110.8320868!16s%2Fg%2F12396whk","110.7723107","-6.830169"
"158","Jawa Tengah","Kudus","Mejobo",59381,"https://www.google.com/maps/place/Kec.+Mejobo,+Kabupaten+Kudus,+Jawa+Tengah/@-6.8338259,110.8517543,13z/data=!3m1!4b1!4m6!3m5!1s0x2e70c59c3aeb9683:0x4027a76e352f360!8m2!3d-6.8264755!4d110.8753853!16s%2Fg%2F11b_2pbw_d","110.8517543","-6.8338259"
"159","Jawa Tengah","Jepara","Pecangaan",59462,"https://www.google.com/maps/place/Kec.+Pecangaan,+Kabupaten+Jepara,+Jawa+Tengah/@-6.7003241,110.6683758,13z/data=!3m1!4b1!4m6!3m5!1s0x2e70e0a262606f2d:0x7fdee122bb114e7d!8m2!3d-6.6906181!4d110.707055!16s%2Fg%2F1224zlpd","110.6683758","-6.7003241"
"160","Jawa Timur","Surabaya","Karangpilang",60222,"https://www.google.com/maps/place/Kec.+Karangpilang,+Kota+SBY,+Jawa+Timur/@-7.332009,112.6510953,13z/data=!3m1!4b1!4m6!3m5!1s0x2dd7fcc18fce20e5:0xf73c12d658a61898!8m2!3d-7.3336026!4d112.7028976!16s%2Fg%2F11b_2vpqnf","112.6510953","-7.332009"
"161","Jawa Timur","Surabaya","Gununganyar",60293,"https://www.google.com/maps/place/Kec.+Gn.+Anyar,+Kota+SBY,+Jawa+Timur/@-7.3383321,112.7572309,13z/data=!3m1!4b1!4m6!3m5!1s0x2dd7fab6c99ceadd:0x71be7261fadd4a46!8m2!3d-7.3386128!4d112.7681726!16s%2Fg%2F120j3q7m","112.7572309","-7.3383321"
"162","Jawa Timur","Sidoarjo","Waru",61256,"https://www.google.com/maps/place/Kec.+Waru,+Kabupaten+Sidoarjo,+Jawa+Timur/@-7.3534018,112.6981527,12z/data=!3m1!4b1!4m6!3m5!1s0x2dd7e529285d4fa1:0x65e2727f2e900a82!8m2!3d-7.3503078!4d112.7674661!16s%2Fg%2F120y84gw","112.6981527","-7.3534018"
"163","Sulawesi Tenggara","Kendari","Mandonga",93111,"https://www.google.com/maps/place/Kec.+Mandonga,+Kota+Kendari,+Sulawesi+Tenggara/@-3.9446826,122.4678268,13z/data=!3m1!4b1!4m6!3m5!1s0x2d98f24f8e9d608d:0xa324ec615620fc2f!8m2!3d-3.9619137!4d122.5195645!16s%2Fg%2F123198c_","122.4678268","-3.9446826"
"164","Sulawesi Tenggara","Kendari","Puuwatu",93115,"https://www.google.com/maps/place/Kec.+Puuwatu,+Kota+Kendari,+Sulawesi+Tenggara/@-3.9681896,122.4404293,13z/data=!3m1!4b1!4m6!3m5!1s0x2d98f3115c3bfd73:0x5e419f01a8f9da9!8m2!3d-3.9660658!4d122.4677172!16s%2Fg%2F120kh9dc","122.4404293","-3.9681896"
"165","Sulawesi Tengah","Palu","Palu Utara",94147,"https://www.google.com/maps/place/Kec.+Palu+Utara,+Kota+Palu,+Sulawesi+Tengah/@-0.7791005,119.8538168,13z/data=!3m1!4b1!4m6!3m5!1s0x2d8bc3f284b11303:0x87f6407ccd8f1aa9!8m2!3d-0.7882659!4d119.8728023!16s%2Fg%2F12372j3v","119.8538168","-0.7791005"
"166","Sulawesi Tengah","Banggai","Luwuk",94711,"https://www.google.com/maps/place/Luwuk,+Soho,+Luwuk,+Kabupaten+Banggai,+Sulawesi+Tengah/@-0.938785,122.7752914,14z/data=!3m1!4b1!4m6!3m5!1s0x2d86a3ecb83a750d:0xe6b89a29058c5a5e!8m2!3d-0.938828!4d122.792801!16zL20vMDV0NXho","122.7752914","-0.938785"
"167","Sulawesi Utara","Manado","Paal Dua",95127,"https://www.google.com/maps/place/Kec.+Paal+Dua,+Kota+Manado,+Sulawesi+Utara/@1.4811566,124.8412527,13z/data=!3m1!4b1!4m6!3m5!1s0x32870ac4553b44fd:0x7c12a9cb727e69e8!8m2!3d1.4747543!4d124.8725295!16s%2Fg%2F11c3ymxl3d","124.8412527","1.4811566"
"168","Sulawesi Utara","Manado","Tikala",95129,"https://www.google.com/maps/place/Kec.+Tikala,+Kota+Manado,+Sulawesi+Utara/@1.467026,124.8420123,13z/data=!3m1!4b1!4m6!3m5!1s0x32870ad8edaf7bcb:0x9b265c0adfad3ce3!8m2!3d1.4696736!4d124.8633742!16s%2Fg%2F1223wtbp","124.8420123","1.467026"
"169","Sulawesi Utara","Manado","Singkil",95234,"https://www.google.com/maps/place/Kec.+Singkil,+Kota+Manado,+Sulawesi+Utara/@1.4994558,124.8409014,14z/data=!3m1!4b1!4m6!3m5!1s0x328775547504b939:0xfa1547343a68962d!8m2!3d1.4926418!4d124.8548713!16s%2Fg%2F122h61b2","124.8409014","1.4994558"
"170","Gorontalo","Gorontalo","Kota Barat",96133,"https://www.google.com/maps/place/Kec.+Kota+Bar.,+Kabupaten+Gorontalo,+Gorontalo/@0.5396498,122.9889849,13z/data=!3m1!4b1!4m6!3m5!1s0x32792bade7fe715f:0xc2994fa83eb6b6fe!8m2!3d0.5475401!4d123.0343199!16s%2Fg%2F11c532ltly","122.9889849","0.5396498"
"171","Maluku","Ambon","Baguala",97232,"https://www.google.com/maps/place/Kec.+Baguala,+Kota+Ambon,+Maluku/@-3.627135,128.1621357,12z/data=!3m1!4b1!4m6!3m5!1s0x2d6cee82aa98e0dd:0xeda94aa2e12e76d9!8m2!3d-3.6321471!4d128.2521439!16s%2Fg%2F121kwynf","128.1621357","-3.627135"
"172","Maluku Utara","Ternate","Ternate Selatan (Kota)",97716,"https://www.google.com/maps/place/Kec.+Ternate+Sel.,+Kota+Ternate,+Maluku+Utara/@0.7719742,127.3173303,13z/data=!3m1!4b1!4m6!3m5!1s0x329cb46fbbf93bf7:0xd0e23e4e61e3ddd0!8m2!3d0.7676108!4d127.3745474!16s%2Fg%2F122l3fff","127.3173303","0.7719742"
"173","Maluku Utara","Halmahera Utara","Tobelo Timur",97762,"https://www.google.com/maps/place/Kec.+Tobelo+Tim.,+Kabupaten+Halmahera+Utara,+Maluku+Utara/@1.537745,127.9411371,12z/data=!3m1!4b1!4m6!3m5!1s0x329a57ad76bcb6f3:0x3b948dd04e667beb!8m2!3d1.5702306!4d128.0348143!16s%2Fg%2F1229bzxk","127.9411371","1.537745"
"174","Papua Barat","Manokwari","Manokwari Utara",98315,"https://www.google.com/maps/place/Kec.+Manokwari+Utara,+Kabupaten+Manokwari,+Papua+Bar./@-0.7902408,133.7862402,11z/data=!3m1!4b1!4m6!3m5!1s0x2d54059fc56a695d:0x4e2d072dfe215e65!8m2!3d-0.7545947!4d133.9845162!16s%2Fg%2F121bd1tg","133.7862402","-0.7902408"
"175","Papua","Jayapura","Abepura",99221,"https://www.google.com/maps/place/Kec.+Abepura,+Kota+Jayapura,+Papua/@-2.653273,140.6492037,12z/data=!3m1!4b1!4m6!3m5!1s0x686c607dbb7a2943:0x75b53491c4439b2f!8m2!3d-2.6813971!4d140.7662871!16s%2Fg%2F11c1p8v3qt","140.6492037","-2.653273"
"176","Papua","Merauke","Merauke",99614,"https://www.google.com/maps/place/Merauke,+Kec.+Merauke,+Kabupaten+Merauke,+Papua/@-8.5003146,140.372136,13z/data=!3m1!4b1!4m6!3m5!1s0x69b53e2c29a12387:0x578edb6cfc3c6f21!8m2!3d-8.4991117!4d140.4049814!16s%2Fm%2F02pb539","140.372136","-8.5003146"
"177","DKI Jakarta","Jakarta Pusat","Senen",10410,"https://www.google.com/maps/place/Kec.+Senen,+Kota+Jakarta+Pusat,+Daerah+Khusus+Ibukota+Jakarta/@-6.184842,106.8279298,14z/data=!3m1!4b1!4m6!3m5!1s0x2e69f448939044e1:0x56fa07df414e3675!8m2!3d-6.1953519!4d106.8498184!16s%2Fg%2F11b_2mmcx4","106.8279298","-6.184842"
"178","DKI Jakarta","Jakarta Pusat","Cempaka Putih",10570,"https://www.google.com/maps/place/Kec.+Cemp.+Putih,+Kota+Jakarta+Pusat,+Daerah+Khusus+Ibukota+Jakarta/@-6.181226,106.8495639,14z/data=!3m1!4b1!4m6!3m5!1s0x2e69f4f8c2ffea73:0x8b3c9d1a03648bbb!8m2!3d-6.1868333!4d106.8665002!16zL20vMGdjNHB5","106.8495639","-6.181226"
"179","DKI Jakarta","Jakarta Pusat","Kemayoran",10630,"https://www.google.com/maps/place/Kec.+Kemayoran,+Kota+Jakarta+Pusat,+Daerah+Khusus+Ibukota+Jakarta/@-6.1627276,106.8417494,14z/data=!3m1!4b1!4m6!3m5!1s0x2e69f5a67f1668f7:0xcbffcecd3c26b8d1!8m2!3d-6.1594869!4d106.8541776!16s%2Fg%2F11b_2jk9pz","106.8417494","-6.1627276"
"180","DKI Jakarta","Jakarta Barat","Grogol Petamburan",11470,"https://www.google.com/maps/place/Kec.+Grogol+petamburan,+Kota+Jakarta+Barat,+Daerah+Khusus+Ibukota+Jakarta/@-6.1639225,106.7690509,14z/data=!3m1!4b1!4m6!3m5!1s0x2e69f64443e58dcb:0x1cdeacf61286820a!8m2!3d-6.161698!4d106.7846412!16zL20vMGdjNHk1","106.7690509","-6.1639225"
"181","DKI Jakarta","Jakarta Barat","Cengkareng",11730,"https://www.google.com/maps/place/Kecamatan+Cengkareng,+Kota+Jakarta+Barat,+Daerah+Khusus+Ibukota+Jakarta/@-6.154793,106.7029544,13z/data=!3m1!4b1!4m6!3m5!1s0x2e69f7edca42a809:0xf7721d9e6310e565!8m2!3d-6.1390604!4d106.7305335!16zL20vMGc5eDFk","106.7029544","-6.154793"
"182","DKI Jakarta","Jakarta Selatan","Kebayoran Baru",12140,"https://www.google.com/maps/place/Kec.+Kby.+Baru,+Kota+Jakarta+Selatan,+Daerah+Khusus+Ibukota+Jakarta/@-6.243176,106.7838308,14z/data=!3m1!4b1!4m6!3m5!1s0x2e69f16949681833:0x7998194c21afe918!8m2!3d-6.2452337!4d106.7999471!16s%2Fg%2F11b_2q29c5","106.7838308","-6.243176"
"183","DKI Jakarta","Jakarta Selatan","Kebayoran Baru",12160,"https://www.google.com/maps/place/Kec.+Kby.+Baru,+Kota+Jakarta+Selatan,+Daerah+Khusus+Ibukota+Jakarta/@-6.243176,106.7838308,14z/data=!3m1!4b1!4m6!3m5!1s0x2e69f16949681833:0x7998194c21afe918!8m2!3d-6.2452337!4d106.7999471!16s%2Fg%2F11b_2q29c5","106.7838308","-6.243176"
"184","DKI Jakarta","Jakarta Selatan","Pasar Minggu",12510,"https://www.google.com/maps/place/Ps.+Minggu,+Kota+Jakarta+Selatan,+Daerah+Khusus+Ibukota+Jakarta/@-6.291957,106.7958063,13z/data=!3m1!4b1!4m6!3m5!1s0x2e69f20f6c38e6eb:0xca91bc4c5ffc5fee!8m2!3d-6.2846919!4d106.8189778!16s%2Fg%2F11b_2nv9hd","106.7958063","-6.291957"
"185","DKI Jakarta","Jakarta Selatan","Mampang Prapatan",12730,"https://www.google.com/maps/place/Kec.+Mampang+Prpt.,+Kota+Jakarta+Selatan,+Daerah+Khusus+Ibukota+Jakarta/@-6.2502419,106.8045059,14z/data=!3m1!4b1!4m6!3m5!1s0x2e69f3d71ecf1e35:0x50098a01fbeafde9!8m2!3d-6.2481661!4d106.8262565!16zL20vMGgzeHo4","106.8045059","-6.2502419"
"186","DKI Jakarta","Jakarta Selatan","Pancoran",12750,"https://www.google.com/maps/place/Kec.+Pancoran,+Kota+Jakarta+Selatan,+Daerah+Khusus+Ibukota+Jakarta/@-6.2579046,106.8261319,14z/data=!3m1!4b1!4m6!3m5!1s0x2e69f24ace20c2a5:0xb9c91fb4bf136bdc!8m2!3d-6.2554837!4d106.8429756!16zL20vMGc5ejlt","106.8261319","-6.2579046"
"187","DKI Jakarta","Jakarta Selatan","Setia Budi",12910,"https://www.google.com/maps/place/Kecamatan+Setiabudi,+Kota+Jakarta+Selatan,+Daerah+Khusus+Ibukota+Jakarta/@-6.221734,106.8128793,14z/data=!3m1!4b1!4m6!3m5!1s0x2e69f3f74e212e19:0x943edbdbb1621876!8m2!3d-6.2136327!4d106.8264328!16s%2Fg%2F11b_2jmxs5","106.8128793","-6.221734"
"188","DKI Jakarta","Jakarta Selatan","Setia Budi",12930,"https://www.google.com/maps/place/Kecamatan+Setiabudi,+Kota+Jakarta+Selatan,+Daerah+Khusus+Ibukota+Jakarta/@-6.221734,106.8128793,14z/data=!3m1!4b1!4m6!3m5!1s0x2e69f3f74e212e19:0x943edbdbb1621876!8m2!3d-6.2136327!4d106.8264328!16s%2Fg%2F11b_2jmxs5","106.8128793","-6.221734"
"189","DKI Jakarta","Jakarta Timur","Cakung",13920,"https://www.google.com/maps/place/Kec.+Cakung,+Kota+Jakarta+Timur,+Daerah+Khusus+Ibukota+Jakarta/@-6.1853805,106.9010924,13z/data=!3m1!4b1!4m6!3m5!1s0x2e698b17d4e9797b:0x1a900d7ef42d566a!8m2!3d-6.1875075!4d106.9593843!16zL20vMGdjNzV4","106.9010924","-6.1853805"
"190","DKI Jakarta","Jakarta Utara","Tanjung Priok",14350,"https://www.google.com/maps/place/Kec.+Tj.+Priok,+Jkt+Utara,+Daerah+Khusus+Ibukota+Jakarta/@-6.1275785,106.8356448,13z/data=!3m1!4b1!4m6!3m5!1s0x2e6a1fd740c2bf31:0x400c5e82dd4c1d0!8m2!3d-6.1382799!4d106.8665166!16zL20vMDQ0dG50","106.8356448","-6.1275785"
"191","DKI Jakarta","Jakarta Utara","Pademangan",14410,"https://www.google.com/maps/place/Kec.+Pademangan,+Jkt+Utara,+Daerah+Khusus+Ibukota+Jakarta/@-6.1291079,106.8053704,13z/data=!3m1!4b1!4m6!3m5!1s0x2e6a1e189663ab5d:0xee2cc9cf837ff09a!8m2!3d-6.1339405!4d106.8383529!16s%2Fg%2F11b_2nmnxp","106.8053704","-6.1291079"
"192","DKI Jakarta","Jakarta Utara","Penjaringan",14460,"https://www.google.com/maps/place/Kec.+Penjaringan,+Jkt+Utara,+Daerah+Khusus+Ibukota+Jakarta/@-6.1167708,106.6906677,12z/data=!3m1!4b1!4m6!3m5!1s0x2e6a1d0d33f9a35d:0xf54787aa3526b7a6!8m2!3d-6.1164557!4d106.7557702!16s%2Fg%2F11b_2kvljz","106.6906677","-6.1167708"
"193","Banten","Tangerang Selatan","Ciputat",15411,"https://www.google.com/maps/place/Kec.+Ciputat,+Kota+Tangerang+Selatan,+Banten/@-6.3108985,106.6897203,13z/data=!3m1!4b1!4m6!3m5!1s0x2e69f01d4b4ce1fb:0x401576d14fed710!8m2!3d-6.3029063!4d106.7175478!16s%2Fm%2F05c44h1","106.6897203","-6.3108985"
"194","Jawa Barat","Depok","Cilodong",16415,"https://www.google.com/maps/place/Kec.+Cilodong,+Kota+Depok,+Jawa+Barat/@-6.428085,106.8018648,13z/data=!3m1!4b1!4m6!3m5!1s0x2e69ea36c1baf9c5:0x49f9cd180425f2c0!8m2!3d-6.4369807!4d106.8355372!16s%2Fg%2F121l0txy","106.8018648","-6.428085"
"195","Jawa Barat","Bandung","Lengkong",40264,"https://www.google.com/maps/place/Kec.+Lengkong,+Kota+Bandung,+Jawa+Barat/@-6.9341296,107.6051573,14z/data=!3m1!4b1!4m6!3m5!1s0x2e68e87d94ac86f1:0x659cb3a5321dd70b!8m2!3d-6.9309616!4d107.6224602!16s%2Fg%2F12215rgb","107.6051573","-6.9341296"
"196","Jawa Tengah","Banyumas","Purwokerto Selatan",53145,"https://www.google.com/maps/place/Kec.+Purwokerto+Sel.,+Kabupaten+Banyumas,+Jawa+Tengah/@-7.4527745,109.2084078,13z/data=!3m1!4b1!4m6!3m5!1s0x2e655c36ccae2a29:0x50bfdc9dd4a4ee93!8m2!3d-7.43982!4d109.2443128!16s%2Fg%2F121zcdrt","109.2084078","-7.4527745"
"197","Jawa Barat","Bogor","Bogor Tengah",16127,"https://www.google.com/maps/place/Kecamatan+Bogor+Tengah,+Kota+Bogor,+Jawa+Barat/@-6.5924726,106.7803399,14z/data=!3m1!4b1!4m6!3m5!1s0x2e69c5c97cc10e2f:0xb072a25326cc2e68!8m2!3d-6.5930142!4d106.7864809!16s%2Fg%2F11b_2rg71x","106.7803399","-6.5924726"
"198","Jawa Barat","Sukabumi","Sagaranten",16404,"https://www.google.com/maps/place/Kec.+Sagaranten,+Kabupaten+Sukabumi,+Jawa+Barat/@-7.1958494,106.7947982,12z/data=!3m1!4b1!4m6!3m5!1s0x2e68147d631cc177:0xfa71df83b56dda84!8m2!3d-7.2190067!4d106.8855856!16s%2Fg%2F1227ctcc","106.7947982","-7.1958494"
"199","Jawa Barat","Depok","Cimanggis",16952,"https://www.google.com/maps/place/Kec.+Cimanggis,+Kota+Depok,+Jawa+Barat/@-6.3674075,106.8397463,13z/data=!3m1!4b1!4m6!3m5!1s0x2e69ec8fbc857d93:0x57ebdaaddab11290!8m2!3d-6.3549369!4d106.8428572!16s%2Fm%2F0jt98pd","106.8397463","-6.3674075"
"200","Jawa Barat","Sumedang","Kotakaler",45621,"https://www.google.com/maps/place/Kotakaler,+Kec.+Sumedang+Utara,+Kabupaten+Sumedang,+Jawa+Barat/@-6.8411591,107.9211302,15z/data=!3m1!4b1!4m6!3m5!1s0x2e68d149d3f103e5:0x76429de22c9a471!8m2!3d-6.8401254!4d107.9309628!16s%2Fg%2F11b_2krqcz","107.9211302","-6.8411591"
"201","Sulawesi Tengah","Banggai","Nambo",94760,"https://www.google.com/maps/place/Kecamatan+Nambo,+Kabupaten+Banggai,+Sulawesi+Tengah/@-1.0288916,122.6015661,12z/data=!3m1!4b1!4m6!3m5!1s0x2d84208812c13195:0x847f7150ea140f9f!8m2!3d-1.077672!4d122.7352828!16s%2Fg%2F1yw9kvxz1","122.6015661","-1.0288916"
